Workbook

Sheet TONG QUAN & KPI TEST B2B
A1: 🎯 ĐỊNH HƯỚNG TEST ADS FACEBOOK B2B (NGÂN SÁCH 600k - 700k/NGÀY & TÌM SẢN PHẨM WIN) - KING BLUE
A2: NGÂN SÁCH THÁNG | C2: NGÂN SÁCH NGÀY (DAILY) | E2: MỤC TIÊU LEAD NGÀY | G2: MỤC TIÊU LEAD THÁNG | I2: CPL MỤC TIÊU (COST/LEAD) | K2: NHÂN SỰ PHỤ TRÁCH
A3: 20,000,000 ₫ | C3: 600k – 700k ₫/ngày (TB 670k) | E3: ~3 – 4 Leads / ngày | G3: 100 – 105 Leads | I3: 180,000 ₫ – 200,000 ₫ | K3: Kiều Thương (Manager hỗ trợ)
A5: 1. LỘ TRÌNH 3 GIAI ĐOẠN TRIỂN KHAI CHIẾN DỊCH TEST ADS B2B & TÌM SẢN PHẨM WIN
A6: STT | B6: Giai Đoạn Triển Khai | C6: Nhiệm Vụ & Hoạt Động Trọng Tâm | F6: Mục Tiêu & Tiêu Chuẩn Đầu Ra (KPI / Ngân Sách)
A7: 1 | B7: Giai đoạn 1: Sản xuất nội dung & Testing tìm kiếm nội dung win (Tuần 1) | C7: • Sản xuất ma trận creative (Ảnh Carousel hệ sinh thái, Video thực tế bàn giao kệ POSM, Infographic chiết khấu 35%). • Khởi chạy 4 Campaign thăm dò trên FB Ads với Daily Budget ~600k/ngày (130k - 200k/camp). • Đo lường chỉ số tương tác: CTR (>2.5%), CPC, tỷ lệ mở Lead Form và phản hồi ban đầu của chủ tiệm. | F7: • Thu về ~20 - 25 leads đầu tiên để kiểm tra chất lượng tệp đại lý. • Xác định rõ Mẫu Nội Dung Win (Winning Creative & Copy) có CPL < 180k - 200k. • Kiều Thương hoàn thiện kịch bản gọi điện tư vấn và gửi Catalogue/Báo giá sỉ.
A8: 2 | B8: Giai đoạn 2: Tối ưu và chỉnh sửa (Tuần 2 đến Tuần 3) | C8: • Tắt ngay các mẫu quảng cáo/angle có CPL cao (> 220k - 250k) hoặc tỷ lệ chuyển đổi thấp. • Tối ưu sâu nội dung win: Thay hook 3s đầu video, thử nghiệm tiêu đề mới, thêm câu hỏi lọc tệp trong Lead Form để hạn chế lead rác. • Kiều Thương phân loại dòng hàng đại lý hỏi nhiều nhất vào Tab 5 (máy pin, đá cắt, catalogue...). Manager duyệt điều chỉnh ngân sách giữa các camp. | F8: • Kéo CPL toàn chiến dịch về chuẩn mục tiêu: 180.000 ₫ – 200.000 ₫ / Lead. • Tỷ lệ lead đúng chân dung chủ cửa hàng/đại lý đạt > 80%. • Thu thêm ~45 - 55 leads chất lượng cao, phục vụ sàng lọc nhu cầu thị trường.
A9: 3 | B9: Giai đoạn 3: Ổn định ngân sách (Tuần 3 đến Tuần 4) | C9: • Khóa trần ngân sách ngày cố định ở mức 650.000 ₫ – 700.000 ₫ / ngày (dồn 75% ngân sách cho Camp Win, 25% duy trì khảo sát catalogue). • Duy trì phân phối ổn định của máy học Meta để dòng lead đổ về đều đặn ~3 – 4 leads/ngày. • Tổng kết dữ liệu Tab 5: Phân tích tỷ lệ đại lý quan tâm từng dòng hàng để chốt danh mục 'Sản Phẩm Win' cho King Blue. | F9: • Cán mốc tổng 100 – 105 Leads đại lý trong tháng với tổng ngân sách đúng 20.000.000 ₫. • Kiểm soát chặt chẽ chi phí hàng ngày, không bị hụt hoặc vượt ngân sách. • Báo cáo hoàn chỉnh danh mục Sản Phẩm Win làm tiền đề mở rộng quy mô lớn cho các tháng sau.
A11: 2. 4 TRỤC GÓC TIẾP CẬN THỬ NGHIỆM & PHÂN BỔ NGÂN SÁCH NGÀY (670.000 ₫ / NGÀY)
A12: STT | B12: Trục Góc Tiếp Cận (Angle) | C12: Ý Tưởng & Định Hướng Nội Dung | D12: Giá Trị Trọng Tâm Cho Đại Lý | E12: Hình Thức Triển Khai | F12: Mục Đích Khảo Sát | G12: Ngân Sách Ngày (VNĐ) | H12: Ngân Sách Tháng (VNĐ) | I12: Lead Ngày Dự Kiến | J12: KPI Lead Tháng | K12: CPL Kế Hoạch | L12: Tỷ Trọng (%)
A13: 1 | B13: Angle 1: Chính Sách Chiết Khấu & Biên Lợi Nhuận | C13: Đánh vào bài toán lãi gộp và nhập hàng trực tiếp từ nhà sản xuất | D13: Chiết khấu đại lý lên tới 35%, bảng giá sỉ trực tiếp không trung gian | E13: Lead Form (Nhận bảng giá sỉ) | F13: Đo lường mức độ nhạy cảm về giá & chiết khấu | G13: 200000 | H13: 6000000 | I13: 1 | J13: 32 | K13: 187500 | L13: 0.3
A14: 2 | B14: Angle 2: Hỗ Trợ Điểm Bán & Kệ Trưng Bày POSM | C14: Đánh vào mong muốn nâng tầm hình ảnh cửa hàng đẹp mắt, chuyên nghiệp | D14: Tài trợ 100% Kệ sắt trưng bày chuẩn Royal Blue King Blue & Biển bảng | E14: Lead Form / Messenger | F14: Đo lường sự quan tâm về hình ảnh & hỗ trợ điểm bán | G14: 170000 | H14: 5000000 | I14: 0.9 | J14: 27 | K14: 185185 | L14: 0.25
A15: 3 | B15: Angle 3: Toàn Bộ Hệ Sinh Thái & Catalogue 2026 | C15: Giới thiệu toàn diện dải hàng: Máy pin, máy điện, đá mài, đồ cầm tay | D15: Tải trọn bộ Catalogue 2026 & Danh mục hơn 300 sản phẩm kim khí | E15: Lead Form (Tải Catalogue) | F15: Khảo sát xem đại lý hỏi dòng sản phẩm nào nhiều nhất | G15: 170000 | H15: 5000000 | I15: 0.9 | J15: 27 | K15: 185185 | L15: 0.25
A16: 4 | B16: Angle 4: Cam Kết Bảo Vệ Vùng Bán & Chống Phá Giá | C16: Giải quyết nỗi lo bị cạnh tranh phá giá và đọng vốn tồn kho ban đầu | D16: Bảo vệ giá niêm yết toàn quốc, hỗ trợ đổi trả hàng chậm bán 60 ngày | E16: Messenger Ads (Tư vấn 1-1) | F16: Đo lường mức độ quan tâm về chính sách bảo hộ đại lý | G16: 130000 | H16: 4000000 | I16: 0.6 | J16: 19 | K16: 210526 | L16: 0.2
B17: TỔNG CỘNG | C17: - | D17: - | E17: - | F17: - | G17: =SUM(G13:G16) | H17: =SUM(H13:H16) | I17: =SUM(I13:I16) | J17: =SUM(J13:J16) | K17: =H17/J17 | L17: =SUM(L13:L16)

Sheet QUAN LY TASK DU AN
A1: 📋 BẢNG PHÂN CÔNG & QUẢN LÝ TIẾN ĐỘ CÔNG VIỆC DỰ ÁN ADS B2B - KING BLUE
A2: TỔNG SỐ ĐẦU VIỆC (TASKS) | C2: ĐÃ HOÀN THÀNH | E2: ĐANG THỰC HIỆN | G2: CHỜ DUYỆT / REVIEW | I2: TIẾN ĐỘ TOÀN DỰ ÁN | L2: ĐIỀU PHỐI DỰ ÁN
A3: =COUNTA(B5:B25) | C3: =COUNTIF(I5:I25, "Đã hoàn thành") | E3: =COUNTIF(I5:I25, "Đang làm") | G3: =COUNTIF(I5:I25, "Chờ duyệt") | I3: =IF(COUNTA(B5:B25)>0, COUNTIF(I5:I25, "Đã hoàn thành")/COUNTA(B5:B25), 0) | L3: Kiều Thương & Manager
A4: STT | B4: Mã Task | C4: Giai Đoạn | D4: Hạng Mục / Đầu Việc | E4: Mô Tả Chi Tiết & Hướng Dẫn (Làm Như Thế Nào) | F4: Tiêu Chuẩn Đầu Ra (Definition of Done) | G4: Người Phụ Trách (Ai Làm) | H4: Người Phối Hợp | I4: Trạng Thái | J4: Mức Độ Ưu Tiên | K4: Hạn Chót (Deadline) | L4: Kết Quả / Link File | M4: Ghi Chú Đánh Giá
A5: 1 | B5: TASK-01 | C5: Giai đoạn 1: SX Nội Dung & Test | D5: Xây dựng kịch bản Ad Copy cho 4 Campaign | E5: Soạn 4 bộ thông điệp theo 4 Angle: (1) Chiết khấu đại lý 35%, (2) Kệ POSM điểm bán, (3) Toàn bộ Catalogue 2026, (4) Cam kết bảo vệ giá & chống bán phá giá. Viết headline ngắn gọn, đánh trúng bài toán lợi nhuận của chủ tiệm. | F5: 4 file kịch bản Ad Copy hoàn chỉnh (gồm Headline, Body copy, CTA) được Manager duyệt. | G5: Kiều Thương (Chạy ads chính) | H5: Marketing Manager (Hỗ trợ & Duyệt) | I5: Đã hoàn thành | J5: Khẩn cấp | K5: Tuần 1 - Ngày 1 | L5: Tab CONTENT & CREATIVE FB | M5: Đã duyệt 4 bộ kịch bản
A6: 2 | B6: TASK-02 | C6: Giai đoạn 1: SX Nội Dung & Test | D6: Thiết kế bộ Visual (Carousel 5 ảnh & Banner chính sách) | E6: Thiết kế bộ Carousel 5 ảnh tỷ lệ 1:1 chuẩn màu Royal Blue King Blue (ảnh dải máy pin, đá cắt, dụng cụ cầm tay); 2 banner tĩnh kèm dấu mộc cam kết chiết khấu 35% từ nhà sản xuất. | F6: Bộ 5 ảnh Carousel 1080x1080px + 2 banner Feed/Story sắc nét, đúng quy chuẩn nhận diện thương hiệu. | G6: Thiện (Thiết kế Visual) | H6: Kiều Thương (Chạy ads chính) | I6: Đã hoàn thành | J6: Khẩn cấp | K6: Tuần 1 - Ngày 2 | L6: Drive / Creative Folder | M6: Đã bàn giao đầy đủ file ảnh
A7: 3 | B7: TASK-03 | C7: Giai đoạn 1: SX Nội Dung & Test | D7: Quay & dựng video ngắn 30s thực tế quầy kệ POSM | E7: Đi thực tế tại điểm bán đối tác, quay cận cảnh độ chắc chắn của kệ sắt King Blue và dải hàng trưng bày; quay bàn giao biển hiệu hoặc clip giới thiệu 'Tài trợ 100% kệ sắt trưng bày'. | F7: 1 video ngắn 30s tỷ lệ 9:16 (Reels/Stories) & 1:1 (Feed), âm thanh rõ, có text hook 3s đầu thu hút. | G7: Tứ (Quay dựng video) | H7: Thiện (Thiết kế Visual) | I7: Đã hoàn thành | J7: Cao | K7: Tuần 1 - Ngày 3 | L7: Drive / Video POSM | M7: Video đạt chất lượng sắc nét
A8: 4 | B8: TASK-04 | C8: Giai đoạn 1: SX Nội Dung & Test | D8: Thiết lập Instant Lead Form & Tích hợp nhận thông báo Lead | E8: Tạo Form đăng ký nhận báo giá/catalogue trên Meta: Thu thập Tên, SĐT, Tỉnh thành, Loại hình kinh doanh (Kim khí/Điện cơ/VLXD). Cài đặt thông báo chuông về Gmail/Zalo để phản hồi tức thì. | F8: Lead Form kích hoạt thành công, test điền form mẫu đổ về đầy đủ thông tin chuẩn xác. | G8: Kiều Thương (Chạy ads chính) | H8: Marketing Manager (Hỗ trợ & Duyệt) | I8: Đã hoàn thành | J8: Khẩn cấp | K8: Tuần 1 - Ngày 3 | L8: Trình quản lý Meta Ads | M8: Form kết nối chuẩn xác
A9: 5 | B9: TASK-05 | C9: Giai đoạn 1: SX Nội Dung & Test | D9: Khởi chạy 4 Campaign thăm dò với ngân sách ~600k-670k/ngày | E9: Setup 4 Campaign trên Trình quản lý quảng cáo theo đúng phân bổ: Camp 1 (200k/ngày), Camp 2 (170k/ngày), Camp 3 (170k/ngày), Camp 4 (130k/ngày). Target tệp chủ cửa hàng tỉnh, loại trừ thợ nhỏ. | F9: 4 Campaign được Meta duyệt và cắn tiền đều đặn, không vi phạm chính sách quảng cáo. | G9: Kiều Thương (Chạy ads chính) | H9: Marketing Manager (Hỗ trợ & Duyệt) | I9: Đang làm | J9: Khẩn cấp | K9: Tuần 1 - Ngày 4 | L9: Meta Ads Manager | M9: 4 Camp đang phân phối ổn định
A10: 6 | B10: TASK-06 | C10: Giai đoạn 1: SX Nội Dung & Test | D10: Tiếp nhận, gọi điện tư vấn 20-25 leads đầu tiên & Cập nhật Tab 5 | E10: Gọi điện tư vấn trong vòng 15-30 phút sau khi có lead. Chào đại lý, kết bạn Zalo gửi Catalogue 2026 + Bảng giá sỉ. Hỏi dòng hàng khách quan tâm nhất và ghi nhận vào Tab 5 (THEO DOI LEAD). | F10: 100% lead được gọi và phân loại trạng thái (Nóng/Ấm/Lạnh/Dòng hàng hỏi nhiều nhất) trong Tab 5. | G10: Kiều Thương (Chạy ads chính) | H10: Marketing Manager (Hỗ trợ & Duyệt) | I10: Đang làm | J10: Cao | K10: Tuần 1 - Ngày 7 | L10: Tab THEO DOI LEAD | M10: Đã tiếp nhận 6 leads đầu tiên
A11: 7 | B11: TASK-07 | C11: Giai đoạn 2: Tối Ưu & Chỉnh Sửa | D11: Rà soát chỉ số 4 Campaign & Tắt góc tiếp cận CPL cao (>220k) | E11: Sau 3 - 5 ngày chạy, họp nhanh 15 phút đánh giá CTR, CPC, CPL và chất lượng phản hồi từ cuộc gọi. Tắt các angle đắt hoặc ra lead không nghe máy/sai số. | F11: Biên bản quyết định tắt 1-2 camp kém hiệu quả, giữ lại 1-2 camp win có CPL tốt nhất. | G11: Kiều Thương (Chạy ads chính) | H11: Marketing Manager (Hỗ trợ & Duyệt) | I11: Đang làm | J11: Cao | K11: Tuần 2 - Ngày 2 | L11: Tab CHI TIET CHIEN DICH | M11: Đang theo dõi số liệu 3 ngày đầu
A12: 8 | B12: TASK-08 | C12: Giai đoạn 2: Tối Ưu & Chỉnh Sửa | D12: Chỉnh sửa Creative Win & Thêm câu hỏi lọc tệp trong Lead Form | E12: Tối ưu lại mẫu quảng cáo win: Thay tiêu đề headline mạnh hơn, đổi ảnh bìa thumbnail, thêm câu hỏi bắt buộc: 'Anh/chị đang có mặt bằng cửa hàng kinh doanh không?' để chặn lead rác. | F12: Bộ 2-3 biến thể quảng cáo tối ưu được kích hoạt thay thế cho các mẫu cũ bị tắt. | G12: Thiện (Thiết kế Visual) | H12: Kiều Thương (Chạy ads chính) | I12: Chưa bắt đầu | J12: Trung bình | K12: Tuần 2 - Ngày 4 | L12: Drive / Creative Win | M12: Chờ dữ liệu đo lường tuần 1
A13: 9 | B13: TASK-09 | C13: Giai đoạn 2: Tối Ưu & Chỉnh Sửa | D13: Tăng ngân sách cho Campaign Win lên 400k-450k/ngày | E13: Dồn ngân sách cho Camp Win lên 400k - 450k/ngày, duy trì camp catalogue 150k - 200k/ngày. Tuyệt đối giữ tổng ngân sách ngày không vượt quá trần 700.000 ₫/ngày. | F13: Ngân sách tài khoản duy trì mức 650k - 700k/ngày, CPL bình quân toàn tài khoản giảm dưới 190.000 ₫. | G13: Kiều Thương (Chạy ads chính) | H13: Marketing Manager (Hỗ trợ & Duyệt) | I13: Chưa bắt đầu | J13: Cao | K13: Tuần 2 - Ngày 5 | L13: Meta Ads Manager | M13: Sẽ nâng sau khi xác định camp win
A14: 10 | B14: TASK-10 | C14: Giai đoạn 2: Tối Ưu & Chỉnh Sửa | D14: Chăm sóc chuyên sâu tệp lead 'Ấm' & 'Nóng' - Gửi mẫu dùng thử | E14: Lọc ra danh sách chủ tiệm có mặt bằng lớn, gọi điện tư vấn chính sách hỗ trợ mở điểm bán, gửi catalogue bản in + tặng mẫu đá cắt dùng thử hoặc mời ghé showroom. | F14: Tối thiểu 5 - 8 đại lý xác nhận quan tâm sâu hoặc hẹn lịch bàn giao quầy kệ điểm bán. | G14: Kiều Thương (Chạy ads chính) | H14: Marketing Manager (Hỗ trợ & Duyệt) | I14: Chưa bắt đầu | J14: Trung bình | K14: Tuần 2 - Ngày 7 | L14: Zalo OA / Sổ tay CRM | M14: Thực hiện liên tục khi có lead tốt
A15: 11 | B15: TASK-11 | C15: Giai đoạn 3: Ổn Định Ngân Sách | D15: Khóa trần ngân sách 650k-700k/ngày & Thu đều 3-4 leads/ngày | E15: Kiểm tra nhịp tiêu tiền của tài khoản Meta 2 lần/ngày (11h & 17h). Đảm bảo cắn tiền đều, duy trì dòng lead 3 - 4 số/ngày đổ về ổn định, tích lũy tiệm cận 20 triệu. | F15: Dòng lead đổ về đều đặn mỗi ngày, bảng Tab 2 và Tab 5 nhảy số tự động, không bị hụt ngân sách. | G15: Kiều Thương (Chạy ads chính) | H15: Marketing Manager (Hỗ trợ & Duyệt) | I15: Chưa bắt đầu | J15: Cao | K15: Tuần 3 - Tuần 4 | L15: Meta Ads Manager | M15: Duy trì ổn định cả tuần
A16: 12 | B16: TASK-12 | C16: Giai đoạn 3: Ổn Định Ngân Sách | D16: Thống kê dữ liệu Tab 5 & Phân tích tỷ lệ dòng hàng đại lý hỏi | E16: Trích xuất dữ liệu cột 'Dòng hàng khách hỏi nhiều nhất' tại Tab 5. Lập bảng thống kê tỷ lệ % đại lý quan tâm Máy pin 21V, Đá cắt/đá mài, Dụng cụ cầm tay, hay Catalogue mở tiệm mới. | F16: Biểu đồ phân tích thị hiếu thực tế của tệp 100+ đại lý kim khí toàn quốc đối với sản phẩm King Blue. | G16: Kiều Thương (Chạy ads chính) | H16: Marketing Manager (Hỗ trợ & Duyệt) | I16: Chưa bắt đầu | J16: Cao | K16: Tuần 4 - Ngày 5 | L16: Tab THEO DOI LEAD | M16: Dữ liệu phục vụ chốt sản phẩm win
A17: 13 | B17: TASK-13 | C17: Giai đoạn 3: Ổn Định Ngân Sách | D17: Họp nghiệm thu dự án Test Ads & Chốt danh mục 'Sản Phẩm Win' | E17: Họp tổng kết giữa Marketing Manager và Kiều Thương: Đánh giá tổng số lead thu về (100 - 105 lead), CPL thực tế (180k - 200k), chi đúng 20 triệu. Chốt danh mục dòng sản phẩm win để lập kế hoạch mở rộng. | F17: Báo cáo tổng kết dự án Test B2B hoàn chỉnh + Đề xuất ngân sách và chiến lược scale cho giai đoạn tiếp theo. | G17: Marketing Manager (Hỗ trợ & Duyệt) | H17: Kiều Thương (Chạy ads chính) | I17: Chưa bắt đầu | J17: Cao | K17: Tuần 4 - Ngày 7 | L17: Báo cáo nghiệm thu dự án | M17: Chốt sản phẩm win làm trọng tâm
A18: 14
A19: 15
A20: 16
A21: 17
A22: 18
A23: 19
A24: 20
A25: 21

Sheet CHI TIET CHIEN DICH FB ADS
A1: 🎯 THEO DÕI CHI TIẾT CHIẾN DỊCH FB ADS (NGÂN SÁCH NGÀY 600k - 700k/NGÀY & ĐO LƯỜNG LEAD)
A2: NGÂN SÁCH NGÀY (DAILY) | C2: TỔNG NGÂN SÁCH THÁNG | E2: TỔNG THỰC CHI | G2: MỤC TIÊU LEAD THÁNG | I2: LEAD THỰC TẾ THU VỀ | K2: CPL THỰC TẾ TRUNG BÌNH | M2: TIẾN ĐỘ ĐẠT LEAD | O2: VẬN HÀNH
A3: =SUM(F5:F15) | C3: =SUM(G5:G15) | E3: =SUM(H5:H15) | G3: =SUM(I5:I15) | I3: =SUM(J5:J15) | K3: =IF(SUM(J5:J15)>0, SUM(H5:H15)/SUM(J5:J15), 0) | M3: =IF(SUM(I5:I15)>0, SUM(J5:J15)/SUM(I5:I15), 0) | O3: Kiều Thương
A4: STT | B4: Mã Chiến Dịch | C4: Tên Chiến Dịch Facebook Ads | D4: Góc Tiếp Cận (Angle Thử Nghiệm) | E4: Định Dạng Ads | F4: Ngân Sách Ngày (VNĐ) | G4: Ngân Sách Tháng KH (VNĐ) | H4: Thực Chi (VNĐ) | I4: KPI Lead | J4: Lead Đạt | K4: Tỷ Lệ Đạt | L4: CPL KH (VNĐ) | M4: CPL Thực (VNĐ) | N4: Người Phụ Trách | O4: Trạng Thái
A5: 1 | B5: FB-TEST-01 | C5: Campaign 1 | D5: Chiết khấu & Lợi nhuận | E5: Instant Lead Form | F5: 200000 | G5: 6000000 | H5: 190000 | I5: ='THEO DOI LEAD & KHAO SAT WIN'!R5 | J5: ='THEO DOI LEAD & KHAO SAT WIN'!S5 | K5: =IF(I5>0, J5/I5, 0) | L5: =IF(I5>0, G5/I5, 0) | M5: =IF(J5>0, H5/J5, 0) | N5: Kiều Thương (Chạy ads chính) | O5: Đang chạy
A6: 2 | B6: FB-TEST-02 | C6: Campaign 2 | D6: Hỗ trợ điểm bán & Kệ POSM | E6: Instant Lead Form | F6: 170000 | G6: 5000000 | H6: 370000 | I6: ='THEO DOI LEAD & KHAO SAT WIN'!R6 | J6: ='THEO DOI LEAD & KHAO SAT WIN'!S6 | K6: =IF(I6>0, J6/I6, 0) | L6: =IF(I6>0, G6/I6, 0) | M6: =IF(J6>0, H6/J6, 0) | N6: Kiều Thương (Chạy ads chính) | O6: Đang chạy
A7: 3 | B7: FB-TEST-03 | C7: Campaign 3 | D7: Catalogue & Hệ sinh thái | E7: Lead Form (Khảo sát dòng hàng) | F7: 170000 | G7: 5000000 | H7: 360000 | I7: ='THEO DOI LEAD & KHAO SAT WIN'!R7 | J7: ='THEO DOI LEAD & KHAO SAT WIN'!S7 | K7: =IF(I7>0, J7/I7, 0) | L7: =IF(I7>0, G7/I7, 0) | M7: =IF(J7>0, H7/J7, 0) | N7: Kiều Thương (Chạy ads chính) | O7: Đang chạy
A8: 4 | B8: FB-TEST-04 | C8: Campaign 4 | D8: Bảo vệ giá & Hạn chế rủi ro | E8: Messenger Ads (Tin nhắn) | F8: 130000 | G8: 4000000 | H8: 200000 | I8: ='THEO DOI LEAD & KHAO SAT WIN'!R8 | J8: ='THEO DOI LEAD & KHAO SAT WIN'!S8 | K8: =IF(I8>0, J8/I8, 0) | L8: =IF(I8>0, G8/I8, 0) | M8: =IF(J8>0, H8/J8, 0) | N8: Kiều Thương (Chạy ads chính) | O8: Đang chạy
A9: 5 | K9: =IF(I9>0, J9/I9, 0)
A10: 6 | K10: =IF(I10>0, J10/I10, 0)
A11: 7 | K11: =IF(I11>0, J11/I11, 0)
A12: 8 | K12: =IF(I12>0, J12/I12, 0)
A13: 9 | K13: =IF(I13>0, J13/I13, 0)
A14: 10 | K14: =IF(I14>0, J14/I14, 0)
A15: 11 | K15: =IF(I15>0, J15/I15, 0)

Sheet NGAN SACH 4 TUAN
A1: 💰 BẢNG PHÂN BỔ NGÂN SÁCH FACEBOOK ADS THEO 4 TUẦN & THEO NGÀY (TEST 20 TRIỆU)
A3: STT | B3: Nhóm Góc Tiếp Cận Thử Nghiệm | C3: Ngân Sách Ngày (VNĐ) | D3: Ngân Sách Tháng KH (VNĐ) | E3: Tuần 1 (Thăm Dò) | F3: Tuần 2 (Sàng Lọc) | G3: Tuần 3 (Scale Góc Win) | H3: Tuần 4 (Tối Ưu & Thu Lead) | I3: Tổng Thực Chi (VNĐ) | J3: Chênh Lệch / Còn Lại | K3: Đánh Giá Pacing Ngân Sách
A4: 1 | B4: Campaign 1 (Angle 1: Chiết Khấu Đại Lý) | C4: 200000 | D4: 6000000 | E4: 1200000 | F4: 1500000 | G4: 1700000 | H4: 1600000 | I4: =SUM(E4:H4) | J4: =D4-I4 | K4: Đang kiểm soát tốt
A5: 2 | B5: Campaign 2 (Angle 2: Hỗ Trợ Kệ POSM) | C5: 170000 | D5: 5000000 | E5: 1000000 | F5: 1300000 | G5: 1400000 | H5: 1300000 | I5: =SUM(E5:H5) | J5: =D5-I5 | K5: Đang kiểm soát tốt
A6: 3 | B6: Campaign 3 (Angle 3: Khám Phá Catalogue) | C6: 170000 | D6: 5000000 | E6: 1200000 | F6: 1200000 | G6: 1300000 | H6: 1300000 | I6: =SUM(E6:H6) | J6: =D6-I6 | K6: Đang kiểm soát tốt
A7: 4 | B7: Campaign 4 (Angle 4: Bảo Vệ Vùng Bán) | C7: 130000 | D7: 4000000 | E7: 800000 | F7: 1000000 | G7: 1100000 | H7: 1100000 | I7: =SUM(E7:H7) | J7: =D7-I7 | K7: Đang kiểm soát tốt
B8: TỔNG CỘNG THEO TUẦN | C8: =SUM(C4:C7) | D8: =SUM(D4:D7) | E8: =SUM(E4:E7) | F8: =SUM(F4:F7) | G8: =SUM(G4:G7) | H8: =SUM(H4:H7) | I8: =SUM(I4:I7) | J8: =SUM(J4:J7)
B9: TRUNG BÌNH CHI TIÊU / NGÀY | C9: =C8 | D9: ~667.000 ₫/ngày | E9: =E8/7 | F9: =F8/7 | G9: =G8/7 | H9: =H8/7 | I9: - | J9: - | K9: -

Sheet CONTENT & CREATIVE FB
A1: 📝 MA TRẬN NỘI DUNG TỔNG THỂ THƯƠNG HIỆU & HỢP TÁC ĐẠI LÝ KING BLUE
A3: STT | B3: Trục Thông Điệp (Angle) | C3: Tiêu Đề Quảng Cáo (Headline) | D3: Nội Dung Tiếp Cận (Ad Copy) | E3: Định Dạng Visual | F3: Yêu Cầu Media (Quay/Chụp) | G3: Kêu Gọi Hành Động (CTA) | H3: Đối Tượng Xem | I3: Người Phụ Trách | J3: Hỗ Trợ Visual | K3: Trạng Thái
A4: 1 | B4: Chiết khấu & Lợi nhuận | C4: TÌM NGUỒN HÀNG KIM KHÍ LÃI TỐT? CHIẾT KHẤU ĐẠI LÝ LÊN TỚI 35% CÙNG KING BLUE | D4: Kinh doanh kim khí muốn giữ khách phải có hàng bền, muốn biên lãi cao phải nhập tận gốc. King Blue mở rộng hệ thống đại lý toàn quốc: Chiết khấu tới 35%, bảng giá sỉ trực tiếp từ nhà sản xuất không qua trung gian. | E4: Ảnh Carousel 5 tấm trọn bộ | F4: Layout ảnh chụp tổng thể hệ sinh thái dụng cụ King Blue | G4: Đăng Ký Nhận Báo Giá Sỉ | H4: Chủ cửa hàng kim khí, điện cơ | I4: Kiều Thương (Chạy ads chính) | J4: Thiện (Thiết kế Visual) | K4: Đã sẵn sàng
A5: 2 | B5: Hỗ trợ điểm bán & Kệ POSM | C5: MỞ ĐIỂM BÁN KING BLUE: TÀI TRỢ 100% KỆ TRƯNG BÀY & BIỂN HIỆU NHẬN DIỆN THƯƠNG HIỆU | D5: Nâng cấp không gian cửa hàng của bạn đẹp và chuyên nghiệp nhất khu vực. King Blue tài trợ kệ sắt sơn tĩnh điện chuyên dụng chuẩn thương hiệu Royal Blue, hỗ trợ thiết kế biển bảng mặt tiền. | E5: Video 30s thực tế lắp đặt kệ POSM | F5: Clip Tứ quay bàn giao kệ POSM tại cửa hàng đối tác | G5: Đăng Ký Tư Vấn Điểm Bán | H5: Chủ tiệm kim khí, VLXD | I5: Kiều Thương (Chạy ads chính) | J5: Tứ (Quay dựng video) | K5: Đã sẵn sàng
A6: 3 | B6: Catalogue & Hệ sinh thái | C6: KHÁM PHÁ HỆ SINH THÁI THIẾT BỊ & KIM KHÍ KING BLUE 2026 - NHẬN TRỌN BỘ CATALOGUE | D6: Hơn 300 danh mục thiết bị từ máy pin, máy điện đến vật tư tiêu hao (đá cắt, mũi khoan, dụng cụ cầm tay). Đăng ký để tải trọn bộ catalogue chi tiết thông số và nhận tư vấn dòng hàng phù hợp nhất với khu vực của bạn. | E6: Banner Catalogue 2026 tổng thể | F6: Thiện thiết kế mockup cuốn catalogue King Blue dày dặn | G6: Tải Trọn Bộ Catalogue | H6: Chủ cửa hàng kim khí, điện cơ | I6: Kiều Thương (Chạy ads chính) | J6: Thiện (Thiết kế Visual) | K6: Đã sẵn sàng
A7: 4 | B7: Bảo vệ giá & Hạn chế rủi ro | C7: CHÍNH SÁCH BẢO HỘ ĐẠI LÝ: KIỂM SOÁT 1 GIÁ TOÀN QUỐC - HỖ TRỢ ĐỔI TRẢ HÀNG CHẬM 60 NGÀY | D7: Không lo bị bán phá giá, không sợ tồn kho đọng vốn. King Blue áp dụng chính sách bảo vệ vùng bán và hỗ trợ đổi sang các sản phẩm phù hợp hơn trong 60 ngày đầu để đại lý yên tâm kinh doanh bền vững. | E7: Infographic cam kết bảo vệ đại lý | F7: Thiện làm visual cam kết không phá giá & đổi trả linh hoạt | G7: Xem Chính Sách Đại Lý | H7: Chủ cửa hàng máy công cụ, điện cơ | I7: Kiều Thương (Chạy ads chính) | J7: Thiện (Thiết kế Visual) | K7: Đã sẵn sàng
A8: 5
A9: 6
A10: 7
A11: 8
A12: 9
A13: 10
A14: 11
A15: 12
A16: 13
A17: 14
A18: 15
A19: 16
A20: 17

Sheet THEO DOI LEAD & KHAO SAT WIN
A1: 🤝 DANH SÁCH TIẾP NHẬN LEAD ĐẠI LÝ & GHI NHẬN NHU CẦU ĐỂ TÌM 'SẢN PHẨM WIN'
A2: TỔNG LEAD THU VỀ | D2: LEAD ĐÚNG CHÂN DUNG CỬA HÀNG | G2: ĐÃ GỬI BÁO GIÁ / CATALOGUE | J2: HẸN HỢP TÁC / MỞ ĐIỂM BÁN | M2: TỶ LỆ CHỐT LEAD | P2: 🎯 BẢNG CHỈ TIÊU KPI & THỰC ĐẠT THEO CHIẾN DỊCH
A3: =COUNTA(B5:B50) | D3: =COUNTIF(M5:M50, "Nóng") + COUNTIF(M5:M50, "Ấm") | G3: =COUNTIF(K5:K50, "*Báo giá*") + COUNTIF(K5:K50, "*Catalogue*") | J3: =COUNTIF(K5:K50, "*ký thỏa thuận*") + COUNTIF(K5:K50, "*hẹn*") | M3: =IF(COUNTA(B5:B50)>0, COUNTIF(K5:K50, "*ký thỏa thuận*")/COUNTA(B5:B50), 0)
A4: STT | B4: Mã Lead | C4: Ngày Nhận | D4: Chiến Dịch FB | E4: Tên Cửa Hàng / Đại Lý | F4: Người Liên Hệ | G4: Chức Vụ | H4: Số Điện Thoại / Zalo | I4: Tỉnh / Khu Vực | J4: Dòng Hàng Khách Hỏi Nhiều Nhất (Tìm SP Win) | K4: Trạng Thái Xử Lý | L4: Người Tiếp Nhận | M4: Đánh Giá Chất Lượng | N4: Ghi Chú Chi Tiết Phản Hồi Của Đại Lý | P4: STT | Q4: Chiến Dịch FB | R4: KPI Lead | S4: Lead Đã Nhận | T4: Tỷ Lệ Đạt
A5: 1 | B5: FB-DL-001 | C5: 06/10/2026 | D5: Campaign 1 | E5: Cửa Hàng Kim Khí & Điện Nước Tuấn Phát | F5: Anh Nguyễn Văn Tuấn | G5: Chủ cửa hàng | H5: 0912 345 678 | I5: Đồng Nai | J5: Đá cắt & Đá mài (Vật tư tiêu hao) | K5: 3-Đã gửi Báo giá & Chính sách | L5: Kiều Thương (Chạy ads chính) | M5: Nóng (Muốn hợp tác ngay) | N5: Khách hỏi kỹ giá đá cắt 107mm và 355mm, muốn so sánh giá với thương hiệu khác | P5: 1 | Q5: Campaign 1 | R5: ='TONG QUAN & KPI TEST B2B'!J13 | S5: =COUNTIF(D$5:D$100, Q5) | T5: =IF(R5>0, S5/R5, 0)
A6: 2 | B6: FB-DL-002 | C6: 06/10/2026 | D6: Campaign 2 | E6: Đại Lý Dụng Cụ Cơ Khí Hoàng Gia | F6: Anh Hoàng Văn Nam | G6: Chủ đại lý | H6: 0988 123 456 | I6: Bình Dương | J6: Combo mở điểm bán mới | K6: 4-Đã ký thỏa thuận phân phối | L6: Kiều Thương (Chạy ads chính) | M6: Nóng (Muốn hợp tác ngay) | N6: Mặt bằng đẹp mặt tiền đường lớn, duyệt lắp kệ trưng bày King Blue và nhập dải máy pin | P6: 2 | Q6: Campaign 2 | R6: ='TONG QUAN & KPI TEST B2B'!J14 | S6: =COUNTIF(D$5:D$100, Q6) | T6: =IF(R6>0, S6/R6, 0)
A7: 3 | B7: FB-DL-003 | C7: 07/10/2026 | D7: Campaign 3 | E7: Cửa Hàng Thiết Bị Điện Cơ Tân Phát | F7: Anh Lê Quốc Tuấn | G7: Chủ tiệm | H7: 0903 789 012 | I7: Cần Thơ | J7: Máy pin Brushless 21V | K7: 2-Đã tư vấn & Gửi Catalogue | L7: Kiều Thương (Chạy ads chính) | M7: Ấm (Đang xem chiết khấu) | N7: Tải catalogue xong nhắn hỏi máy pin có dùng chung chân pin Makita phổ thông không | P7: 3 | Q7: Campaign 3 | R7: ='TONG QUAN & KPI TEST B2B'!J15 | S7: =COUNTIF(D$5:D$100, Q7) | T7: =IF(R7>0, S7/R7, 0)
A8: 4 | B8: FB-DL-004 | C8: 07/10/2026 | D8: Campaign 2 | E8: Vật Liệu Xây Dựng & Kim Khí Việt Thắng | F8: Anh Phạm Văn Thắng | G8: Chủ đại lý | H8: 0977 654 321 | I8: Bắc Giang | J8: Combo mở điểm bán mới | K8: 3-Đã gửi Báo giá & Chính sách | L8: Kiều Thương (Chạy ads chính) | M8: Nóng (Muốn hợp tác ngay) | N8: Chuẩn bị mở thêm chi nhánh, cần tư vấn danh mục 30 món hàng kim khí bán chạy nhất | P8: 4 | Q8: Campaign 4 | R8: ='TONG QUAN & KPI TEST B2B'!J16 | S8: =COUNTIF(D$5:D$100, Q8) | T8: =IF(R8>0, S8/R8, 0)
A9: 5 | B9: FB-DL-005 | C9: 08/10/2026 | D9: Campaign 3 | E9: Cửa Hàng Dụng Cụ Cầm Tay Tiến Phát | F9: Anh Trần Tiến Phát | G9: Chủ cửa hàng | H9: 0934 567 890 | I9: Hải Phòng | J9: Dụng cụ cầm tay & Thước cuộn | K9: 2-Đã tư vấn & Gửi Catalogue | L9: Kiều Thương (Chạy ads chính) | M9: Ấm (Đang xem chiết khấu) | N9: Quan tâm kìm, cờ lê, thước cuộn tự hãm King Blue, đã gửi catalogue bản in | P9: TỔNG CỘNG | R9: =SUM(R5:R8) | S9: =SUM(S5:S8) | T9: =IF(R9>0, S9/R9, 0)
A10: 6 | B10: FB-DL-006 | C10: 08/10/2026 | D10: Campaign 4 | E10: Đại Lý Phụ Kiện Kim Khí Quang Dũng | F10: Anh Vũ Quang Dũng | G10: Chủ tiệm | H10: 0968 112 233 | I10: Thanh Hóa | J10: Đá cắt & Đá mài (Vật tư tiêu hao) | K10: 1-Mới tiếp nhận (Chờ gọi) | L10: Kiều Thương (Chạy ads chính) | M10: Nóng (Muốn hợp tác ngay) | N10: Lead mới đổ về, quan tâm chính sách bảo vệ giá và độc quyền khu vực huyện
A11: 7
A12: 8
A13: 9
A14: 10
A15: 11
A16: 12
A17: 13
A18: 14
A19: 15
A20: 16
A21: 17
A22: 18
... A45: 41

Sheet CAU HINH
A1: ⚙️ DANH MỤC CẤU HÌNH HỆ THỐNG DROPDOWN - FACEBOOK ADS ĐẠI LÝ B2B
A3: GÓC TIẾP CẬN (TEST ANGLE) | B3: DÒNG HÀNG ĐẠI LÝ QUAN TÂM | C3: TÊN CHIẾN DỊCH FB | D3: ĐỊNH DẠNG QUẢNG CÁO FB | E3: TRẠNG THÁI CHIẾN DỊCH | F3: TRẠNG THÁI XỬ LÝ LEAD | G3: ĐÁNH GIÁ CHẤT LƯỢNG LEAD | H3: NHÂN SỰ DỰ ÁN | I3: GIAI ĐOẠN DỰ ÁN | J3: TRẠNG THÁI TASK | K3: MỨC ĐỘ ƯU TIÊN | L3: CHỨC VỤ KHÁCH HÀNG | M3: ĐỊNH DẠNG VISUAL (CREATIVE) | N3: KÊU GỌI HÀNH ĐỘNG (CTA) | O3: TRẠNG THÁI CONTENT | P3: ĐỐI TƯỢNG XEM ADS | Q3: TỈNH THÀNH / KHU VỰC TRỌNG TÂM | R3: MỐC THỜI GIAN / DEADLINE | S3: KÊNH LƯU TRỮ / BÁO CÁO | T3: YÊU CẦU MEDIA (QUAY/CHỤP) | U3: PACING NGÂN SÁCH (ĐÁNH GIÁ) | V3: NHÓM GÓC TIẾP CẬN NGÂN SÁCH
A4: Chiết khấu & Lợi nhuận | B4: Đá cắt & Đá mài (Vật tư tiêu hao) | C4: Campaign 1 | D4: Instant Lead Form | E4: Lên kế hoạch | F4: 1-Mới tiếp nhận (Chờ gọi) | G4: Nóng (Muốn hợp tác ngay) | H4: Kiều Thương (Chạy ads chính) | I4: Giai đoạn 1: SX Nội Dung & Test | J4: Chưa bắt đầu | K4: Khẩn cấp | L4: Chủ cửa hàng | M4: Ảnh Carousel 5 tấm trọn bộ | N4: Đăng Ký Nhận Báo Giá Sỉ | O4: Chưa bắt đầu | P4: Chủ cửa hàng kim khí, điện cơ | Q4: Đồng Nai | R4: Tuần 1 - Ngày 1 | S4: Tab CONTENT & CREATIVE FB | T4: Layout ảnh chụp tổng thể hệ sinh thái dụng cụ King Blue | U4: Đang kiểm soát tốt | V4: Campaign 1 (Angle 1: Chiết Khấu Đại Lý)
A5: Hỗ trợ điểm bán & Kệ POSM | B5: Máy pin Brushless 21V | C5: Campaign 2 | D5: Messenger Ads (Tin nhắn) | E5: Chuẩn bị media | F5: 2-Đã tư vấn & Gửi Catalogue | G5: Ấm (Đang xem chiết khấu) | H5: Marketing Manager (Hỗ trợ & Duyệt) | I5: Giai đoạn 2: Tối Ưu & Chỉnh Sửa | J5: Đang làm | K5: Cao | L5: Chủ đại lý | M5: Video 30s thực tế lắp đặt kệ POSM | N5: Đăng Ký Tư Vấn Điểm Bán | O5: Đang sản xuất | P5: Chủ tiệm kim khí, VLXD | Q5: Bình Dương | R5: Tuần 1 - Ngày 2 | S5: Drive / Creative Folder | T5: Clip Tứ quay bàn giao kệ POSM tại cửa hàng đối tác | U5: Dồn ngân sách (Scale) | V5: Campaign 2 (Angle 2: Hỗ Trợ Kệ POSM)
A6: Catalogue & Hệ sinh thái | B6: Máy điện & Máy hàn điện tử | C6: Campaign 3 | D6: Lead Form (Khảo sát dòng hàng) | E6: Đang chạy | F6: 3-Đã gửi Báo giá & Chính sách | G6: Lạnh (Tham khảo thêm) | H6: Tứ (Quay dựng video) | I6: Giai đoạn 3: Ổn Định Ngân Sách | J6: Chờ duyệt | K6: Trung bình | L6: Chủ tiệm | M6: Banner Catalogue 2026 tổng thể | N6: Tải Trọn Bộ Catalogue | O6: Chờ duyệt | P6: Chủ cửa hàng máy công cụ, điện cơ | Q6: Cần Thơ | R6: Tuần 1 - Ngày 3 | S6: Drive / Video POSM | T6: Thiện thiết kế mockup cuốn catalogue King Blue dày dặn | U6: Cắt giảm ngân sách | V6: Campaign 3 (Angle 3: Khám Phá Catalogue)
A7: Bảo vệ giá & Hạn chế rủi ro | B7: Dụng cụ cầm tay & Thước cuộn | C7: Campaign 4 | D7: Post Tương Tác Kéo Lead | E7: Tạm dừng | F7: 4-Đã ký thỏa thuận phân phối | G7: Sai số / Không nghe máy | H7: Thiện (Thiết kế Visual) | J7: Đã hoàn thành | K7: Thấp | L7: Quản lý kinh doanh | M7: Infographic cam kết bảo vệ đại lý | N7: Xem Chính Sách Đại Lý | O7: Đã sẵn sàng | P7: Đại lý phân phối cấp 2 / cấp 3 | Q7: Bắc Giang | R7: Tuần 1 - Ngày 4 | S7: Trình quản lý Meta Ads | T7: Thiện làm visual cam kết không phá giá & đổi trả linh hoạt | U7: Hoàn thành ngân sách | V7: Campaign 4 (Angle 4: Bảo Vệ Vùng Bán)
A8: Chính sách bảo hành uy tín | B8: Thiết bị đo Laser | E8: Đã hoàn thành | F8: 5-Không liên lạc được / Sai số | J8: Tạm hoãn | L8: Thợ nhận thầu / Cá nhân | M8: Bộ ảnh đơn chụp sản phẩm thực tế | N8: Nhận Báo Giá & Chiết Khấu | O8: Đang chạy ads | P8: Thợ thi công công trình lớn | Q8: Hải Phòng | R8: Tuần 1 - Ngày 7 | S8: Tab THEO DOI LEAD | T8: Chụp chi tiết dải máy pin Brushless 21V | V8: Campaign Scale (Góc Tiếp Cận Win)
A9: Combo mở điểm bán mới | B9: Trọn bộ Catalogue / Tổng hợp | F9: 6-Không có nhu cầu | M9: Video review máy pin / dụng cụ | Q9: Thanh Hóa | R9: Tuần 2 - Ngày 2 | S9: Báo cáo nghiệm thu dự án | T9: Video test độ bền đá cắt & đá mài King Blue | V9: Dự phòng phát sinh
B10: Combo mở điểm bán mới | Q10: Nghệ An | R10: Tuần 2 - Ngày 4 | S10: Zalo OA / Sổ tay CRM | T10: Chụp quầy kệ & biển bảng nhận diện thương hiệu
Q11: Hà Nội | R11: Tuần 2 - Ngày 5 | S11: Google Drive Chung
Q12: TP. Hồ Chí Minh | R12: Tuần 2 - Ngày 7
Q13: Đà Nẵng | R13: Tuần 3 - Tuần 4
Q14: Vĩnh Phúc | R14: Tuần 4 - Ngày 5
Q15: Thái Bình | R15: Tuần 4 - Ngày 7
Q16: Nam Định | R16: Hàng ngày
Q17: Hải Dương | R17: Liên tục cả tháng
Q18: Quảng Ninh
Q19: Bắc Ninh
Q20: Thái Nguyên
Q21: Phú Thọ
Q22: Hưng Yên
Q23: Hà Nam
Q24: Ninh Bình
Q25: Hà Tĩnh
Q26: Quảng Bình
Q27: Quảng Trị
Q28: Thừa Thiên Huế
Q29: Quảng Nam
... Q54: Toàn Miền Nam
