Workbook

Sheet DASHBOARD
A1: BẢNG ĐIỀU KHIỂN & TIẾN ĐỘ CÔNG VIỆC - KING BLUE MARKETING
B4: TỔNG SỐ CÔNG VIỆC | D4: HOÀN THÀNH | E4: ĐANG THỰC HIỆN | F4: ĐANG DUYỆT | G4: QUÁ HẠN | H4: TỶ LỆ HOÀN THÀNH
B5: =COUNTA('DS CONG VIEC'!B5:B100) | D5: =COUNTIF('DS CONG VIEC'!I5:I100, "Hoàn thành") | E5: =COUNTIF('DS CONG VIEC'!I5:I100, "Đang làm") | F5: =COUNTIF('DS CONG VIEC'!I5:I100, "Đang duyệt") | G5: =COUNTIF('DS CONG VIEC'!K5:K100, "Quá hạn") | H5: =IF(B5>0, D5/B5, 0)
B7: 1. PHÂN BỔ THEO TRẠNG THÁI | F7: 2. PHÂN BỔ THEO ĐỘ ƯU TIÊN
B8: Trạng Thái | C8: Số lượng | D8: Tỷ lệ | F8: Mức độ | G8: Số lượng | H8: Tỷ lệ
B9: Chưa bắt đầu | C9: =COUNTIF('DS CONG VIEC'!I$5:I$100, B9) | D9: =IF($B$5>0, C9/$B$5, 0) | F9: Khẩn cấp | G9: =COUNTIF('DS CONG VIEC'!L$5:L$100, F9) | H9: =IF($B$5>0, G9/$B$5, 0)
B10: Đang làm | C10: =COUNTIF('DS CONG VIEC'!I$5:I$100, B10) | D10: =IF($B$5>0, C10/$B$5, 0) | F10: Cao | G10: =COUNTIF('DS CONG VIEC'!L$5:L$100, F10) | H10: =IF($B$5>0, G10/$B$5, 0)
B11: Đang duyệt | C11: =COUNTIF('DS CONG VIEC'!I$5:I$100, B11) | D11: =IF($B$5>0, C11/$B$5, 0) | F11: Trung bình | G11: =COUNTIF('DS CONG VIEC'!L$5:L$100, F11) | H11: =IF($B$5>0, G11/$B$5, 0)
B12: Hoàn thành | C12: =COUNTIF('DS CONG VIEC'!I$5:I$100, B12) | D12: =IF($B$5>0, C12/$B$5, 0) | F12: Thấp | G12: =COUNTIF('DS CONG VIEC'!L$5:L$100, F12) | H12: =IF($B$5>0, G12/$B$5, 0)
B13: Tạm hoãn | C13: =COUNTIF('DS CONG VIEC'!I$5:I$100, B13) | D13: =IF($B$5>0, C13/$B$5, 0)
B15: 3. THEO HẠNG MỤC MARKETING | F15: 4. TIẾN ĐỘ THEO NHÂN SỰ
B16: Hạng mục / Kênh | C16: Số việc | D16: Hoàn thành | F16: Nhân sự | G16: Tổng task | H16: Đã xong
B17: Website & SEO | C17: =COUNTIF('DS CONG VIEC'!D$5:D$100, B17) | D17: =COUNTIFS('DS CONG VIEC'!D$5:D$100, B17, 'DS CONG VIEC'!I$5:I$100, "Hoàn thành") | F17: Hoài Thương | G17: =COUNTIF('DS CONG VIEC'!E$5:E$100, F17) | H17: =COUNTIFS('DS CONG VIEC'!E$5:E$100, F17, 'DS CONG VIEC'!I$5:I$100, "Hoàn thành")
B18: Facebook Fanpage | C18: =COUNTIF('DS CONG VIEC'!D$5:D$100, B18) | D18: =COUNTIFS('DS CONG VIEC'!D$5:D$100, B18, 'DS CONG VIEC'!I$5:I$100, "Hoàn thành") | F18: Kiều Thương | G18: =COUNTIF('DS CONG VIEC'!E$5:E$100, F18) | H18: =COUNTIFS('DS CONG VIEC'!E$5:E$100, F18, 'DS CONG VIEC'!I$5:I$100, "Hoàn thành")
B19: YouTube / Video | C19: =COUNTIF('DS CONG VIEC'!D$5:D$100, B19) | D19: =COUNTIFS('DS CONG VIEC'!D$5:D$100, B19, 'DS CONG VIEC'!I$5:I$100, "Hoàn thành") | F19: Thụy Thương | G19: =COUNTIF('DS CONG VIEC'!E$5:E$100, F19) | H19: =COUNTIFS('DS CONG VIEC'!E$5:E$100, F19, 'DS CONG VIEC'!I$5:I$100, "Hoàn thành")
B20: TikTok & KOC | C20: =COUNTIF('DS CONG VIEC'!D$5:D$100, B20) | D20: =COUNTIFS('DS CONG VIEC'!D$5:D$100, B20, 'DS CONG VIEC'!I$5:I$100, "Hoàn thành") | F20: Thiện | G20: =COUNTIF('DS CONG VIEC'!E$5:E$100, F20) | H20: =COUNTIFS('DS CONG VIEC'!E$5:E$100, F20, 'DS CONG VIEC'!I$5:I$100, "Hoàn thành")
B21: Trade & POSM Đại lý | C21: =COUNTIF('DS CONG VIEC'!D$5:D$100, B21) | D21: =COUNTIFS('DS CONG VIEC'!D$5:D$100, B21, 'DS CONG VIEC'!I$5:I$100, "Hoàn thành") | F21: Tứ | G21: =COUNTIF('DS CONG VIEC'!E$5:E$100, F21) | H21: =COUNTIFS('DS CONG VIEC'!E$5:E$100, F21, 'DS CONG VIEC'!I$5:I$100, "Hoàn thành")
B22: Sàn TMĐT (Shopee/Lazada) | C22: =COUNTIF('DS CONG VIEC'!D$5:D$100, B22) | D22: =COUNTIFS('DS CONG VIEC'!D$5:D$100, B22, 'DS CONG VIEC'!I$5:I$100, "Hoàn thành") | F22: Thức | G22: =COUNTIF('DS CONG VIEC'!E$5:E$100, F22) | H22: =COUNTIFS('DS CONG VIEC'!E$5:E$100, F22, 'DS CONG VIEC'!I$5:I$100, "Hoàn thành")
B23: Thiết kế & Media | C23: =COUNTIF('DS CONG VIEC'!D$5:D$100, B23) | D23: =COUNTIFS('DS CONG VIEC'!D$5:D$100, B23, 'DS CONG VIEC'!I$5:I$100, "Hoàn thành") | F23: Ngân | G23: =COUNTIF('DS CONG VIEC'!E$5:E$100, F23) | H23: =COUNTIFS('DS CONG VIEC'!E$5:E$100, F23, 'DS CONG VIEC'!I$5:I$100, "Hoàn thành")
F24: Hùng | G24: =COUNTIF('DS CONG VIEC'!E$5:E$100, F24) | H24: =COUNTIFS('DS CONG VIEC'!E$5:E$100, F24, 'DS CONG VIEC'!I$5:I$100, "Hoàn thành")
F25: Hùng Miền Bắc | G25: =COUNTIF('DS CONG VIEC'!E$5:E$100, F25) | H25: =COUNTIFS('DS CONG VIEC'!E$5:E$100, F25, 'DS CONG VIEC'!I$5:I$100, "Hoàn thành")

Sheet DS CONG VIEC
A1: DANH SÁCH CHI TIẾT CÔNG VIỆC MARKETING - KING BLUE
A3: 💡 Hướng dẫn: Cập nhật Trạng thái và Tiến độ thường xuyên. Cột 'Tình trạng hạn' sẽ tự động cảnh báo theo Deadline.
A4: STT | B4: Mã Task | C4: Tên Công Việc | D4: Hạng Mục / Kênh | E4: Phụ Trách (Assignee) | F4: Người Phối Hợp | G4: Ngày Bắt Đầu | H4: Deadline | I4: Trạng Thái | J4: Tiến Độ (%) | K4: Tình Trạng Hạn | L4: Mức Độ Ưu Tiên | M4: Link Tài Liệu / Sản Phẩm | N4: Ghi Chú / Trở Ngại
A5: 1 | B5: KB-MKT-01 | C5: Quay video test tải máy khoan pin KM18QE | D5: YouTube / Video | E5: Tứ | F5: Kiều Thương | G5: 2026-10-02 | H5: 2026-10-07 | I5: Đang làm | J5: 0.6 | K5: =IF(I5="Hoàn thành", "Đã xong", IF(ISBLANK(H5), "", IF(H5<TODAY(), "Quá hạn", IF(H5-TODAY()<=2, "Sắp đến hạn", "Đúng hạn")))) | L5: Cao | M5: https://drive.google.com/... | N5: Chuẩn bị mẫu bê tông và đá mài
A6: 2 | B6: KB-MKT-02 | C6: Chụp ảnh sản phẩm thùng đồ nghề KHD4233 | D6: Thiết kế & Media | E6: Tứ | F6: Thiện | G6: 2026-09-30 | H6: 2026-10-04 | I6: Hoàn thành | J6: 1 | K6: =IF(I6="Hoàn thành", "Đã xong", IF(ISBLANK(H6), "", IF(H6<TODAY(), "Quá hạn", IF(H6-TODAY()<=2, "Sắp đến hạn", "Đúng hạn")))) | L6: Trung bình | M6: https://drive.google.com/... | N6: Đã retouched xong 8 góc ảnh
A7: 3 | B7: KB-MKT-03 | C7: Thiết kế banner & poster sự kiện triển lãm Vietbuild | D7: Trade & POSM Đại lý | E7: Thiện | F7: Thụy Thương | G7: 2026-10-03 | H7: 2026-10-09 | I7: Đang làm | J7: 0.4 | K7: =IF(I7="Hoàn thành", "Đã xong", IF(ISBLANK(H7), "", IF(H7<TODAY(), "Quá hạn", IF(H7-TODAY()<=2, "Sắp đến hạn", "Đúng hạn")))) | L7: Khẩn cấp | M7: file:///Users/Admin/Documents/... | N7: Đang duyệt layout 3 phương án
A8: 4 | B8: KB-MKT-04 | C8: Viết bài chuẩn SEO giới thiệu công nghệ Brushless Motor | D8: Website & SEO | E8: Hoài Thương | F8: Admin | G8: 2026-10-01 | H8: 2026-10-03 | I8: Hoàn thành | J8: 1 | K8: =IF(I8="Hoàn thành", "Đã xong", IF(ISBLANK(H8), "", IF(H8<TODAY(), "Quá hạn", IF(H8-TODAY()<=2, "Sắp đến hạn", "Đúng hạn")))) | L8: Trung bình | M8: https://kingblue.vn/tin-tuc | N8: Đã index Google
A9: 5 | B9: KB-MKT-05 | C9: Lên kịch bản & liên hệ KOC test cờ lê lực King Blue | D9: TikTok & KOC | E9: Kiều Thương | F9: Tứ | G9: 2026-10-04 | H9: 2026-10-10 | I9: Đang làm | J9: 0.3 | K9: =IF(I9="Hoàn thành", "Đã xong", IF(ISBLANK(H9), "", IF(H9<TODAY(), "Quá hạn", IF(H9-TODAY()<=2, "Sắp đến hạn", "Đúng hạn")))) | L9: Cao | M9: https://docs.google.com/... | N9: Đã gửi tin nhắn cho 3 KOC ngành cơ khí
A10: 6 | B10: KB-MKT-06 | C10: Cập nhật giá niêm yết và khuyến mãi đại lý lên kingtools.vn | D10: Sàn TMĐT (Shopee/Lazada) | E10: Thức | F10: Ngân | G10: 2026-10-04 | H10: 2026-10-06 | I10: Đang duyệt | J10: 0.9 | K10: =IF(I10="Hoàn thành", "Đã xong", IF(ISBLANK(H10), "", IF(H10<TODAY(), "Quá hạn", IF(H10-TODAY()<=2, "Sắp đến hạn", "Đúng hạn")))) | L10: Cao | M10: https://kingtools.vn/... | N10: Chờ Giám đốc ký duyệt chính sách
A11: 7 | B11: KB-MKT-07 | C11: Thiết kế quầy kệ trưng bày POSM nhận diện cho Đại lý Cấp 1 | D11: Trade & POSM Đại lý | E11: Thiện | F11: Thức | G11: 2026-09-28 | H11: 2026-10-12 | I11: Đang làm | J11: 0.5 | K11: =IF(I11="Hoàn thành", "Đã xong", IF(ISBLANK(H11), "", IF(H11<TODAY(), "Quá hạn", IF(H11-TODAY()<=2, "Sắp đến hạn", "Đúng hạn")))) | L11: Khẩn cấp | M11: file:///Users/Admin/Documents/... | N11: Xưởng đang gửi báo giá đóng kệ
A12: 8 | B12: KB-MKT-08 | C12: Đăng bài Fanpage: Mẹo sử dụng đá cắt an toàn & tặng mã voucher | D12: Facebook Fanpage | E12: Hoài Thương | F12: Thiện | G12: 2026-10-05 | H12: 2026-10-06 | I12: Đang làm | J12: 0.5 | K12: =IF(I12="Hoàn thành", "Đã xong", IF(ISBLANK(H12), "", IF(H12<TODAY(), "Quá hạn", IF(H12-TODAY()<=2, "Sắp đến hạn", "Đúng hạn")))) | L12: Trung bình | M12: https://facebook.com/KingBlue-tools... | N12: Đã xong visual, chờ giờ vàng lên bài
A13: 9 | B13: KB-MKT-09 | C13: Trực chat sàn & tối ưu giỏ hàng TikTok Shop | D13: Sàn TMĐT (Shopee/Lazada) | E13: Ngân | F13: Thức | G13: 2026-09-29 | H13: 2026-10-04 | I13: Hoàn thành | J13: 1 | K13: =IF(I13="Hoàn thành", "Đã xong", IF(ISBLANK(H13), "", IF(H13<TODAY(), "Quá hạn", IF(H13-TODAY()<=2, "Sắp đến hạn", "Đúng hạn")))) | L13: Trung bình | M13: https://shopee.vn/... | N13: Tỷ lệ phản hồi chat đạt 98%
A14: 10 | B14: KB-MKT-10 | C14: Soạn nội dung cẩm nang sản phẩm & chính sách đại lý | D14: Trade & POSM Đại lý | E14: Thụy Thương | F14: Hoài Thương | G14: 2026-10-03 | H14: 2026-10-08 | I14: Đang làm | J14: 0.7 | K14: =IF(I14="Hoàn thành", "Đã xong", IF(ISBLANK(H14), "", IF(H14<TODAY(), "Quá hạn", IF(H14-TODAY()<=2, "Sắp đến hạn", "Đúng hạn")))) | L14: Cao | M14: https://docs.google.com/... | N14: Đang rà soát danh mục máy pin
A15: 11 | B15: KB-MKT-11 | C15: Đóng gói 50 đơn hàng combo máy pin ra mắt (Kho Nam) | D15: Sàn TMĐT (Shopee/Lazada) | E15: Hùng | F15: Thức | G15: 2026-10-05 | H15: 2026-10-06 | I15: Đang làm | J15: 0.4 | K15: =IF(I15="Hoàn thành", "Đã xong", IF(ISBLANK(H15), "", IF(H15<TODAY(), "Quá hạn", IF(H15-TODAY()<=2, "Sắp đến hạn", "Đúng hạn")))) | L15: Cao | M15: file:///Users/Admin/Documents/... | N15: Đã dán tem bảo hành và đóng thùng
A16: 12 | B16: KB-MKT-12 | C16: Kiểm kê vật tư bao bì & đóng gói hàng kho Miền Bắc | D16: Sàn TMĐT (Shopee/Lazada) | E16: Hùng Miền Bắc | F16: Ngân | G16: 2026-10-04 | H16: 2026-10-07 | I16: Đang làm | J16: 0.5 | K16: =IF(I16="Hoàn thành", "Đã xong", IF(ISBLANK(H16), "", IF(H16<TODAY(), "Quá hạn", IF(H16-TODAY()<=2, "Sắp đến hạn", "Đúng hạn")))) | L16: Trung bình | M16: file:///Users/Admin/Documents/... | N16: Bổ sung thùng carton cỡ M & màng co

Sheet CAU HINH
A1: DANH MỤC CẤU HÌNH HỆ THỐNG
A3: Trạng Thái | B3: Độ Ưu Tiên | C3: Hạng Mục / Kênh | D3: Nhân Sự
A4: Chưa bắt đầu | B4: Khẩn cấp | C4: Website & SEO | D4: Hoài Thương
A5: Đang làm | B5: Cao | C5: Facebook Fanpage | D5: Kiều Thương
A6: Đang duyệt | B6: Trung bình | C6: YouTube / Video | D6: Thụy Thương
A7: Hoàn thành | B7: Thấp | C7: TikTok & KOC | D7: Thiện
A8: Tạm hoãn | C8: Trade & POSM Đại lý | D8: Tứ
C9: Sàn TMĐT (Shopee/Lazada) | D9: Thức
C10: Thiết kế & Media | D10: Ngân
D11: Hùng
D12: Hùng Miền Bắc
