Workbook

Sheet Marketing Manager
A1: CÔNG VIỆC - MARKETING MANAGER (Trưởng Phòng Marketing)
A2: Bộ phận: Ban Quản Lý · Mọi thay đổi ở đây tự động tổng hợp vào tab TONG HOP.
A4: STT | B4: Mã CV | C4: Tên công việc | D4: Nhóm công việc | E4: Người thực hiện | F4: Người phối hợp | G4: Ngày bắt đầu | H4: Hạn chót | I4: Trạng thái | J4: % Tiến độ | K4: Trạng thái hạn | L4: Độ ưu tiên | M4: Link tài liệu | N4: Ghi chú
A5: =IF(B5:B500<>"",ROW(B5:B500)-4,"") | B5: KB-MKT-01 | C5: Duyệt kế hoạch Marketing tháng 10 & phân bổ KPI | D5: Khác | E5: =IF(B5:B500<>"","Marketing Manager","") | F5: Hoài Thương | G5: 46296 | H5: 46302 | I5: Đang làm | J5: 50% | K5: =IF(B5:B500="","",IF(I5:I500="Hoàn thành","Đã xong",IFERROR(IF(H5:H500="","Đúng hạn",IF(H5:H500<TODAY(),"Quá hạn",IF(H5:H500-TODAY()<=2,"Sắp đến hạn","Đúng hạn"))),"Đúng hạn"))) | L5: Khẩn cấp | N5: Họp Ban Giám Đốc cuối tuần

Sheet Hoai Thuong
A1: CÔNG VIỆC - HOÀI THƯƠNG (Content Marketing & SEO)
A2: Bộ phận: Content · Mọi thay đổi ở đây tự động tổng hợp vào tab TONG HOP.
A4: STT | B4: Mã CV | C4: Tên công việc | D4: Nhóm công việc | E4: Người thực hiện | F4: Người phối hợp | G4: Ngày bắt đầu | H4: Hạn chót | I4: Trạng thái | J4: % Tiến độ | K4: Trạng thái hạn | L4: Độ ưu tiên | M4: Link tài liệu | N4: Ghi chú
A5: =IF(B5:B500<>"",ROW(B5:B500)-4,"") | B5: KB-MKT-02 | C5: Rà soát & tối ưu SEO toàn bộ trang sản phẩm | D5: Website & SEO | E5: =IF(B5:B500<>"","Hoài Thương","") | F5: Thiện | G5: 46296 | H5: 46305 | I5: Đang làm | J5: 60% | K5: =IF(B5:B500="","",IF(I5:I500="Hoàn thành","Đã xong",IFERROR(IF(H5:H500="","Đúng hạn",IF(H5:H500<TODAY(),"Quá hạn",IF(H5:H500-TODAY()<=2,"Sắp đến hạn","Đúng hạn"))),"Đúng hạn"))) | L5: Cao | N5: Ưu tiên nhóm sản phẩm chủ lực

Sheet Kieu Thuong
A1: CÔNG VIỆC - KIỀU THƯƠNG (Content Video & KOC)
A2: Bộ phận: Content · Mọi thay đổi ở đây tự động tổng hợp vào tab TONG HOP.
A4: STT | B4: Mã CV | C4: Tên công việc | D4: Nhóm công việc | E4: Người thực hiện | F4: Người phối hợp | G4: Ngày bắt đầu | H4: Hạn chót | I4: Trạng thái | J4: % Tiến độ | K4: Trạng thái hạn | L4: Độ ưu tiên | M4: Link tài liệu | N4: Ghi chú
A5: =IF(B5:B500<>"",ROW(B5:B500)-4,"") | B5: KB-MKT-03 | C5: Sản xuất 10 video review sản phẩm đăng TikTok | D5: TikTok & KOC | E5: =IF(B5:B500<>"","Kiều Thương","") | F5: Tứ | G5: 46293 | H5: 46303 | I5: Đang duyệt | J5: 90% | K5: =IF(B5:B500="","",IF(I5:I500="Hoàn thành","Đã xong",IFERROR(IF(H5:H500="","Đúng hạn",IF(H5:H500<TODAY(),"Quá hạn",IF(H5:H500-TODAY()<=2,"Sắp đến hạn","Đúng hạn"))),"Đúng hạn"))) | L5: Khẩn cấp | N5: Chờ duyệt kịch bản số 7-10

Sheet Thuy Thuong
A1: CÔNG VIỆC - THỤY THƯƠNG (Trade Marketing)
A2: Bộ phận: Content · Mọi thay đổi ở đây tự động tổng hợp vào tab TONG HOP.
A4: STT | B4: Mã CV | C4: Tên công việc | D4: Nhóm công việc | E4: Người thực hiện | F4: Người phối hợp | G4: Ngày bắt đầu | H4: Hạn chót | I4: Trạng thái | J4: % Tiến độ | K4: Trạng thái hạn | L4: Độ ưu tiên | M4: Link tài liệu | N4: Ghi chú
A5: =IF(B5:B500<>"",ROW(B5:B500)-4,"") | B5: KB-MKT-04 | C5: Hoàn thiện chính sách điểm bán cho đại lý khu vực | D5: Trade & POSM Đại lý | E5: =IF(B5:B500<>"","Thụy Thương","") | F5: Thiện | G5: 46290 | H5: 46300 | I5: Hoàn thành | J5: 100% | K5: =IF(B5:B500="","",IF(I5:I500="Hoàn thành","Đã xong",IFERROR(IF(H5:H500="","Đúng hạn",IF(H5:H500<TODAY(),"Quá hạn",IF(H5:H500-TODAY()<=2,"Sắp đến hạn","Đúng hạn"))),"Đúng hạn"))) | L5: Trung bình | N5: Đã gửi Ban Giám Đốc phê duyệt

Sheet Thien
A1: CÔNG VIỆC - THIỆN (Graphic Designer)
A2: Bộ phận: Design · Mọi thay đổi ở đây tự động tổng hợp vào tab TONG HOP.
A4: STT | B4: Mã CV | C4: Tên công việc | D4: Nhóm công việc | E4: Người thực hiện | F4: Người phối hợp | G4: Ngày bắt đầu | H4: Hạn chót | I4: Trạng thái | J4: % Tiến độ | K4: Trạng thái hạn | L4: Độ ưu tiên | M4: Link tài liệu | N4: Ghi chú
A5: =IF(B5:B500<>"",ROW(B5:B500)-4,"") | B5: KB-MKT-05 | C5: Thiết kế bộ POSM cho chiến dịch Tết | D5: Thiết kế & Media | E5: =IF(B5:B500<>"","Thiện","") | F5: Thụy Thương | G5: 46295 | H5: 46310 | I5: Đang làm | J5: 40% | K5: =IF(B5:B500="","",IF(I5:I500="Hoàn thành","Đã xong",IFERROR(IF(H5:H500="","Đúng hạn",IF(H5:H500<TODAY(),"Quá hạn",IF(H5:H500-TODAY()<=2,"Sắp đến hạn","Đúng hạn"))),"Đúng hạn"))) | L5: Trung bình | N5: Banner, standee, catalogue

Sheet Tu
A1: CÔNG VIỆC - TỨ (Media / Photographer)
A2: Bộ phận: Media · Mọi thay đổi ở đây tự động tổng hợp vào tab TONG HOP.
A4: STT | B4: Mã CV | C4: Tên công việc | D4: Nhóm công việc | E4: Người thực hiện | F4: Người phối hợp | G4: Ngày bắt đầu | H4: Hạn chót | I4: Trạng thái | J4: % Tiến độ | K4: Trạng thái hạn | L4: Độ ưu tiên | M4: Link tài liệu | N4: Ghi chú
A5: =IF(B5:B500<>"",ROW(B5:B500)-4,"") | B5: KB-MKT-06 | C5: Chụp bộ ảnh sản phẩm máy khoan & máy cắt | D5: Thiết kế & Media | E5: =IF(B5:B500<>"","Tứ","") | F5: Thiện | G5: 46297 | H5: 46307 | I5: Đang làm | J5: 35% | K5: =IF(B5:B500="","",IF(I5:I500="Hoàn thành","Đã xong",IFERROR(IF(H5:H500="","Đúng hạn",IF(H5:H500<TODAY(),"Quá hạn",IF(H5:H500-TODAY()<=2,"Sắp đến hạn","Đúng hạn"))),"Đúng hạn"))) | L5: Cao | N5: Chụp tại xưởng, 3 bối cảnh

Sheet Thuc
A1: CÔNG VIỆC - THỨC (Vận hành Sàn TMĐT)
A2: Bộ phận: Sàn TMĐT · Mọi thay đổi ở đây tự động tổng hợp vào tab TONG HOP.
A4: STT | B4: Mã CV | C4: Tên công việc | D4: Nhóm công việc | E4: Người thực hiện | F4: Người phối hợp | G4: Ngày bắt đầu | H4: Hạn chót | I4: Trạng thái | J4: % Tiến độ | K4: Trạng thái hạn | L4: Độ ưu tiên | M4: Link tài liệu | N4: Ghi chú
A5: =IF(B5:B500<>"",ROW(B5:B500)-4,"") | B5: KB-MKT-07 | C5: Đối soát tồn kho & đẩy đơn Shopee/TikTok Shop | D5: Sàn TMĐT (Shopee/Lazada) | E5: =IF(B5:B500<>"","Thức","") | F5: Ngân | G5: 46297 | H5: 46304 | I5: Chưa bắt đầu | J5: 0% | K5: =IF(B5:B500="","",IF(I5:I500="Hoàn thành","Đã xong",IFERROR(IF(H5:H500="","Đúng hạn",IF(H5:H500<TODAY(),"Quá hạn",IF(H5:H500-TODAY()<=2,"Sắp đến hạn","Đúng hạn"))),"Đúng hạn"))) | L5: Cao | N5: Kiểm tra tồn kho miền Nam

Sheet Ngan
A1: CÔNG VIỆC - NGÂN (CSKH & TikTok Shop)
A2: Bộ phận: Sàn TMĐT · Mọi thay đổi ở đây tự động tổng hợp vào tab TONG HOP.
A4: STT | B4: Mã CV | C4: Tên công việc | D4: Nhóm công việc | E4: Người thực hiện | F4: Người phối hợp | G4: Ngày bắt đầu | H4: Hạn chót | I4: Trạng thái | J4: % Tiến độ | K4: Trạng thái hạn | L4: Độ ưu tiên | M4: Link tài liệu | N4: Ghi chú
A5: =IF(B5:B500<>"",ROW(B5:B500)-4,"") | B5: KB-MKT-08 | C5: Tối ưu tỷ lệ phản hồi chat & đánh giá 5 sao | D5: Sàn TMĐT (Shopee/Lazada) | E5: =IF(B5:B500<>"","Ngân","") | F5: Thức | G5: 46296 | H5: 46326 | I5: Đang làm | J5: 70% | K5: =IF(B5:B500="","",IF(I5:I500="Hoàn thành","Đã xong",IFERROR(IF(H5:H500="","Đúng hạn",IF(H5:H500<TODAY(),"Quá hạn",IF(H5:H500-TODAY()<=2,"Sắp đến hạn","Đúng hạn"))),"Đúng hạn"))) | L5: Trung bình | N5: Mục tiêu phản hồi > 95%

Sheet Hung MN
A1: CÔNG VIỆC - HÙNG (Đóng gói & Kho Miền Nam)
A2: Bộ phận: Đóng gói kho · Mọi thay đổi ở đây tự động tổng hợp vào tab TONG HOP.
A4: STT | B4: Mã CV | C4: Tên công việc | D4: Nhóm công việc | E4: Người thực hiện | F4: Người phối hợp | G4: Ngày bắt đầu | H4: Hạn chót | I4: Trạng thái | J4: % Tiến độ | K4: Trạng thái hạn | L4: Độ ưu tiên | M4: Link tài liệu | N4: Ghi chú
A5: =IF(B5:B500<>"",ROW(B5:B500)-4,"") | B5: KB-MKT-09 | C5: Chuẩn hoá quy cách đóng gói chống sốc đơn online | D5: Đóng gói & Kho vận | E5: =IF(B5:B500<>"","Hùng","") | G5: 46294 | H5: 46301 | I5: Đang làm | J5: 80% | K5: =IF(B5:B500="","",IF(I5:I500="Hoàn thành","Đã xong",IFERROR(IF(H5:H500="","Đúng hạn",IF(H5:H500<TODAY(),"Quá hạn",IF(H5:H500-TODAY()<=2,"Sắp đến hạn","Đúng hạn"))),"Đúng hạn"))) | L5: Cao | N5: Kho tổng miền Nam

Sheet Hung MB
A1: CÔNG VIỆC - HÙNG MIỀN BẮC (Đóng gói & Kho Miền Bắc)
A2: Bộ phận: Đóng gói kho · Mọi thay đổi ở đây tự động tổng hợp vào tab TONG HOP.
A4: STT | B4: Mã CV | C4: Tên công việc | D4: Nhóm công việc | E4: Người thực hiện | F4: Người phối hợp | G4: Ngày bắt đầu | H4: Hạn chót | I4: Trạng thái | J4: % Tiến độ | K4: Trạng thái hạn | L4: Độ ưu tiên | M4: Link tài liệu | N4: Ghi chú
A5: =IF(B5:B500<>"",ROW(B5:B500)-4,"") | B5: KB-MKT-10 | C5: Kiểm kê vật tư đóng gói kho Hà Nội | D5: Đóng gói & Kho vận | E5: =IF(B5:B500<>"","Hùng Miền Bắc","") | G5: 46295 | H5: 46309 | I5: Chưa bắt đầu | J5: 0% | K5: =IF(B5:B500="","",IF(I5:I500="Hoàn thành","Đã xong",IFERROR(IF(H5:H500="","Đúng hạn",IF(H5:H500<TODAY(),"Quá hạn",IF(H5:H500-TODAY()<=2,"Sắp đến hạn","Đúng hạn"))),"Đúng hạn"))) | L5: Thấp | N5: Bao bì, băng keo, xốp hơi

Sheet CAU HINH
A1: DANH MỤC CẤU HÌNH - KING BLUE MARKETING
A3: TRẠNG THÁI | B3: ĐỘ ƯU TIÊN | C3: NHÓM CÔNG VIỆC | D3: NGƯỜI PHỐI HỢP
A4: Chưa bắt đầu | B4: Khẩn cấp | C4: Website & SEO | D4: Marketing Manager
A5: Đang làm | B5: Cao | C5: Facebook Fanpage | D5: Hoài Thương
A6: Đang duyệt | B6: Trung bình | C6: YouTube / Video | D6: Kiều Thương
A7: Hoàn thành | B7: Thấp | C7: TikTok & KOC | D7: Thụy Thương
A8: Tạm hoãn | C8: Trade & POSM Đại lý | D8: Thiện
C9: Sàn TMĐT (Shopee/Lazada) | D9: Tứ
C10: Thiết kế & Media | D10: Thức
C11: Đóng gói & Kho vận | D11: Ngân
C12: Khác | D12: Hùng
D13: Hùng Miền Bắc

Sheet TONG HOP
A1: TỔNG HỢP CÔNG VIỆC TOÀN PHÒNG MARKETING - KING BLUE
A3: TỔNG SỐ VIỆC | B3: HOÀN THÀNH | C3: ĐANG LÀM | D3: ĐANG DUYỆT | E3: QUÁ HẠN | F3: SẮP ĐẾN HẠN
A4: =SUM(COUNTA('Marketing Manager'!B5:B500), COUNTA('Hoai Thuong'!B5:B500), COUNTA('Kieu Thuong'!B5:B500), COUNTA('Thuy Thuong'!B5:B500), COUNTA('Thien'!B5:B500), COUNTA('Tu'!B5:B500), COUNTA('Thuc'!B5:B500), COUNTA('Ngan'!B5:B500), COUNTA('Hung MN'!B5:B500), COUNTA('Hung MB'!B5:B500)) | B4: =SUM(COUNTIF('Marketing Manager'!I5:I500,"Hoàn thành"), COUNTIF('Hoai Thuong'!I5:I500,"Hoàn thành"), COUNTIF('Kieu Thuong'!I5:I500,"Hoàn thành"), COUNTIF('Thuy Thuong'!I5:I500,"Hoàn thành"), COUNTIF('Thien'!I5:I500,"Hoàn thành"), COUNTIF('Tu'!I5:I500,"Hoàn thành"), COUNTIF('Thuc'!I5:I500,"Hoàn thành"), COUNTIF('Ngan'!I5:I500,"Hoàn thành"), COUNTIF('Hung MN'!I5:I500,"Hoàn thành"), COUNTIF('Hung MB'!I5:I500,"Hoàn thành")) | C4: =SUM(COUNTIF('Marketing Manager'!I5:I500,"Đang làm"), COUNTIF('Hoai Thuong'!I5:I500,"Đang làm"), COUNTIF('Kieu Thuong'!I5:I500,"Đang làm"), COUNTIF('Thuy Thuong'!I5:I500,"Đang làm"), COUNTIF('Thien'!I5:I500,"Đang làm"), COUNTIF('Tu'!I5:I500,"Đang làm"), COUNTIF('Thuc'!I5:I500,"Đang làm"), COUNTIF('Ngan'!I5:I500,"Đang làm"), COUNTIF('Hung MN'!I5:I500,"Đang làm"), COUNTIF('Hung MB'!I5:I500,"Đang làm")) | D4: =SUM(COUNTIF('Marketing Manager'!I5:I500,"Đang duyệt"), COUNTIF('Hoai Thuong'!I5:I500,"Đang duyệt"), COUNTIF('Kieu Thuong'!I5:I500,"Đang duyệt"), COUNTIF('Thuy Thuong'!I5:I500,"Đang duyệt"), COUNTIF('Thien'!I5:I500,"Đang duyệt"), COUNTIF('Tu'!I5:I500,"Đang duyệt"), COUNTIF('Thuc'!I5:I500,"Đang duyệt"), COUNTIF('Ngan'!I5:I500,"Đang duyệt"), COUNTIF('Hung MN'!I5:I500,"Đang duyệt"), COUNTIF('Hung MB'!I5:I500,"Đang duyệt")) | E4: =SUM(COUNTIF('Marketing Manager'!K5:K500,"Quá hạn"), COUNTIF('Hoai Thuong'!K5:K500,"Quá hạn"), COUNTIF('Kieu Thuong'!K5:K500,"Quá hạn"), COUNTIF('Thuy Thuong'!K5:K500,"Quá hạn"), COUNTIF('Thien'!K5:K500,"Quá hạn"), COUNTIF('Tu'!K5:K500,"Quá hạn"), COUNTIF('Thuc'!K5:K500,"Quá hạn"), COUNTIF('Ngan'!K5:K500,"Quá hạn"), COUNTIF('Hung MN'!K5:K500,"Quá hạn"), COUNTIF('Hung MB'!K5:K500,"Quá hạn")) | F4: =SUM(COUNTIF('Marketing Manager'!K5:K500,"Sắp đến hạn"), COUNTIF('Hoai Thuong'!K5:K500,"Sắp đến hạn"), COUNTIF('Kieu Thuong'!K5:K500,"Sắp đến hạn"), COUNTIF('Thuy Thuong'!K5:K500,"Sắp đến hạn"), COUNTIF('Thien'!K5:K500,"Sắp đến hạn"), COUNTIF('Tu'!K5:K500,"Sắp đến hạn"), COUNTIF('Thuc'!K5:K500,"Sắp đến hạn"), COUNTIF('Ngan'!K5:K500,"Sắp đến hạn"), COUNTIF('Hung MN'!K5:K500,"Sắp đến hạn"), COUNTIF('Hung MB'!K5:K500,"Sắp đến hạn"))
A6: STT | B6: Mã CV | C6: Tên công việc | D6: Nhóm công việc | E6: Người thực hiện | F6: Người phối hợp | G6: Ngày bắt đầu | H6: Hạn chót | I6: Trạng thái | J6: % Tiến độ | K6: Trạng thái hạn | L6: Độ ưu tiên | M6: Link tài liệu | N6: Ghi chú
A7: =FILTER(VSTACK('Marketing Manager'!A5:N500, 'Hoai Thuong'!A5:N500, 'Kieu Thuong'!A5:N500, 'Thuy Thuong'!A5:N500, 'Thien'!A5:N500, 'Tu'!A5:N500, 'Thuc'!A5:N500, 'Ngan'!A5:N500, 'Hung MN'!A5:N500, 'Hung MB'!A5:N500), (VSTACK('Marketing Manager'!B5:B500, 'Hoai Thuong'!B5:B500, 'Kieu Thuong'!B5:B500, 'Thuy Thuong'!B5:B500, 'Thien'!B5:B500, 'Tu'!B5:B500, 'Thuc'!B5:B500, 'Ngan'!B5:B500, 'Hung MN'!B5:B500, 'Hung MB'!B5:B500)<>"")*(VSTACK('Marketing Manager'!B5:B500, 'Hoai Thuong'!B5:B500, 'Kieu Thuong'!B5:B500, 'Thuy Thuong'!B5:B500, 'Thien'!B5:B500, 'Tu'!B5:B500, 'Thuc'!B5:B500, 'Ngan'!B5:B500, 'Hung MN'!B5:B500, 'Hung MB'!B5:B500)<>0))
